File,ESN,Last_Cycle_Seen,Predicted_RUL
test_0.csv,106,1500,4562
test_1.csv,111,1500,4193
test_2.csv,111,1500,7118
test_3.csv,105,1500,3800
test_4.csv,112,1500,4488
test_5.csv,105,1500,4914
test_6.csv,111,1500,3347
test_7.csv,105,1500,5549
test_8.csv,105,1500,6849
test_9.csv,106,1500,4734
test_10.csv,112,1500,6445
test_11.csv,111,1500,3188
test_12.csv,106,1500,4299
test_13.csv,105,1500,5745
test_14.csv,112,1500,3407
test_15.csv,112,1500,5597
test_16.csv,106,1500,4177
test_17.csv,105,1500,4701
test_18.csv,106,1500,4177
test_19.csv,105,1500,4755
test_20.csv,106,1500,4696
test_21.csv,111,1500,5815
test_22.csv,106,1500,6349
test_23.csv,112,1500,3354
test_24.csv,105,1500,5522
test_25.csv,106,1500,7403
test_26.csv,112,1500,5714
test_27.csv,105,1500,4808
test_28.csv,112,1500,4187
test_29.csv,112,1500,3148
test_30.csv,111,1500,3377
test_31.csv,105,1500,4873
test_32.csv,111,1500,2967
test_33.csv,105,1500,4894
test_34.csv,112,1500,3161
test_35.csv,111,1500,7107
test_36.csv,111,1500,7087
test_37.csv,106,1500,4011
test_38.csv,112,1500,3418
test_39.csv,105,1500,7135
test_40.csv,112,1500,3553
test_41.csv,106,1500,4387
test_42.csv,111,1500,3363
test_43.csv,106,1500,4868
test_44.csv,105,1500,3942
test_45.csv,112,1500,4961
test_46.csv,111,1500,4579
test_47.csv,106,1500,4216
test_48.csv,112,1500,3352
test_49.csv,111,1500,3039
test_50.csv,106,1500,4857
test_51.csv,111,1500,3084
